Province/State,Country/Region,Last Update,confirmed,deaths,recovered
Australian Capital Territory,Australia,03/29/2020 15:04,77,,
New South Wales,Australia,03/29/2020 15:04,1791,,
Northern Territory,Australia,03/29/2020 15:04,14,,
Queensland,Australia,03/29/2020 15:04,656,,
South Australia,Australia,03/29/2020 15:04,287,,
Tasmania,Australia,03/29/2020 15:04,61,,
Victoria,Australia,03/29/2020 15:04,769,,
Western Australia,Australia,03/29/2020 15:04,311,,
Eyibaolu,China,03/29/2020 15:04,67801,3182,62565.0
Di 欐 rot,China,03/29/2020 15:04,641,4,112.0
Right-version of the goo,China,03/29/2020 15:04,298,2,30.0
Zhenjianhanning,China,03/29/2020 15:04,577,8,411.0
Juancongdaoning,China,03/29/2020 15:04,492,5,334.0
Qiankuaminlu,China,03/29/2020 15:04,1475,8,1349.0
Fuhanhuanlu,China,03/29/2020 15:04,338,1,295.0
Still water ╂ touch Ning,China,03/29/2020 15:04,166,3,133.0
Xianlilielu,China,03/29/2020 15:04,1254,1,1225.0
Tick ​​pumping 棬,China,03/29/2020 15:04,37,0,10.0
鍐呰 挋鍙 I 嚜娌 诲尯,China,03/29/2020 15:04,95,1,74.0
Babianminlu,China,03/29/2020 15:04,772,7,752.0
Chaxizhenlu,China,03/29/2020 15:04,644,0,631.0
Qiesikoulu,China,03/29/2020 15:04,550,3,536.0
Uushanmenlu,China,03/29/2020 15:04,137,2,125.0
闄曡Ta鐪,China,03/29/2020 15:04,253,3,242.0
Chajiemulu,China,03/29/2020 15:04,134,2,124.0
Beach 戝崡 鐪,China,03/29/2020 15:04,180,2,172.0
鍚夋 灄鐪,China,03/29/2020 15:04,98,1,92.0
Lichonghanlu,China,03/29/2020 15:04,1276,22,1251.0
Read 嶅 Jenning,China,03/29/2020 15:04,579,6,570.0
Lichongbaolu,China,03/29/2020 15:04,319,6,310.0
Ba Lu braid ta,China,03/29/2020 15:04,136,0,133.0
Cha Xi Lu Tatari,China,03/29/2020 15:04,937,1,934.0
Zhenzhanxiecha Xiyan,China,03/29/2020 15:04,484,13,469.0
Qian hip Tatari Dan Zu Xi Meilihuikui,China,03/29/2020 15:04,254,2,250.0
Ludiandanlu,China,03/29/2020 15:04,147,2,144.0
Eyihanlu,China,03/29/2020 15:04,1018,4,1014.0
Yuesuijionglu,China,03/29/2020 15:04,990,6,984.0
Xianfenghanlu,China,03/29/2020 15:04,168,6,162.0
Koubanyuezi Cunyonghaobi Melihuikui,China,03/29/2020 15:04,76,3,73.0
Yuehuohanwu arrowhead Xi Melihuikui,China,03/29/2020 15:04,75,0,75.0
Weishudaolu,China,03/29/2020 15:04,18,0,18.0
Yuan Cai hip Nielihuikui,China,03/29/2020 15:04,1,0,1.0
,,03/29/2020 15:04,Confirmed,Deaths,
New York,US,03/29/2020 15:04,53520,834,
New Jersey,US,03/29/2020 15:04,11124,140,
California,US,03/29/2020 15:04,5655,120,
Michigan,US,03/29/2020 15:04,4659,112,
WA,US,03/29/2020 15:04,4312,189,
Massachusetts,US,03/29/2020 15:04,4257,44,
Florida,US,03/29/2020 15:04,4038,54,
Illinois,US,03/29/2020 15:04,3498,47,
Louisiana,US,03/29/2020 15:04,3315,137,
Pennsylvania,US,03/29/2020 15:04,2909,35,
Texas,US,03/29/2020 15:04,2535,34,
Georgia,US,03/29/2020 15:04,2446,79,
Colorado,US,03/29/2020 15:04,2063,44,
Connecticut,US,03/29/2020 15:04,1524,33,
Tennessee,US,03/29/2020 15:04,1512,7,
Ohio,US,03/29/2020 15:04,1406,25,
Indiana,US,03/29/2020 15:04,1232,31,
Maryland,US,03/29/2020 15:04,1068,10,
North Carolina,US,03/29/2020 15:04,1062,5,
Wisconsin,US,03/29/2020 15:04,1055,17,
Missouri,US,03/29/2020 15:04,847,11,
Arizona,US,03/29/2020 15:04,773,15,
Alabama,US,03/29/2020 15:04,760,9,
Virginia,US,03/29/2020 15:04,740,17,
Nevada,US,03/29/2020 15:04,738,14,
Mississippi,US,03/29/2020 15:04,663,13,
South Carolina,US,03/29/2020 15:04,661,15,
Utah,US,03/29/2020 15:04,604,2,
Oregon,US,03/29/2020 15:04,479,13,
Minnesota,US,03/29/2020 15:04,441,5,
Arkansas,US,03/29/2020 15:04,409,5,
Kentucky,US,03/29/2020 15:04,394,9,
Oklahoma,US,03/29/2020 15:04,377,15,
Washington DC,US,03/29/2020 15:04,342,4,
Iowa,US,03/29/2020 15:04,298,3,
Kansas,US,03/29/2020 15:04,269,5,
Idaho,US,03/29/2020 15:04,265,5,
Rhode Island,US,03/29/2020 15:04,239,2,
New Hampshire,US,03/29/2020 15:04,214,2,
Delaware,US,03/29/2020 15:04,214,5,
Vermont,US,03/29/2020 15:04,211,12,
Maine,US,03/29/2020 15:04,211,1,
New Mexico,US,03/29/2020 15:04,208,2,
Hawaii,US,03/29/2020 15:04,149,0,
Montana,US,03/29/2020 15:04,147,1,
Puerto Rico,US,03/29/2020 15:04,127,3,
West Virginia,US,03/29/2020 15:04,113,0,
Nebraska,US,03/29/2020 15:04,108,2,
Grand Princess,US,03/29/2020 15:04,103,3,
Alaska,US,03/29/2020 15:04,102,2,
North Dakota,US,03/29/2020 15:04,94,1,
Wyoming,US,03/29/2020 15:04,84,0,
South Dakota,US,03/29/2020 15:04,68,1,
Guam,US,03/29/2020 15:04,56,1,
Diamond Princess,US,03/29/2020 15:04,49,0,
US Virgin Islands,US,03/29/2020 15:04,23,0,
,,03/29/2020 15:04,Confirmed,Deaths,
Quebec,Canada,03/29/2020 15:04,2498,22,
Ontario,Canada,03/29/2020 15:04,1144,18,
British Columbia,Canada,03/29/2020 15:04,884,17,
Alberta,Canada,03/29/2020 15:04,621,2,
Saskatchewan,Canada,03/29/2020 15:04,134,0,
Newfoundland and Labrador,Canada,03/29/2020 15:04,120,0,
Nova Scotia,Canada,03/29/2020 15:04,110,0,
Manitoba,Canada,03/29/2020 15:04,64,1,
New Brunswick,Canada,03/29/2020 15:04,51,0,
Grand Princess,US,03/29/2020 15:04,13,0,
Prince Edward Island,Canada,03/29/2020 15:04,11,0,
Yukon,Canada,03/29/2020 15:04,4,0,
Northwest Territories,Canada,03/29/2020 15:04,1,0,
Diamond Princess,US,03/29/2020 15:04,0,1,
,US,03/29/2020 15:04,123828,2231,3238.0
,Italy,03/29/2020 15:04,92472,10023,12384.0
,Spain,03/29/2020 15:04,78797,6528,14709.0
,Germany,03/29/2020 15:04,58247,455,8481.0
,Iran,03/29/2020 15:04,38309,2640,12391.0
,France,03/29/2020 15:04,37575,2314,5700.0
,United Kingdom,03/29/2020 15:04,19522,1235,135.0
,Switzerland,03/29/2020 15:04,14593,290,1595.0
,Netherlands,03/29/2020 15:04,10866,771,3.0
Brussels,Belgium,03/29/2020 15:04,10836,431,1359.0
,South Korea,03/29/2020 15:04,9583,152,5033.0
,Austria,03/29/2020 15:04,8536,86,479.0
,Turkey,03/29/2020 15:04,7402,108,70.0
,Portugal,03/29/2020 15:04,5962,119,43.0
,Norway,03/29/2020 15:04,4235,25,7.0
,Brazil,03/29/2020 15:04,3904,117,6.0
,Israel,03/29/2020 15:04,3865,14,89.0
,Sweden,03/29/2020 15:04,3700,110,16.0
,Czechia,03/29/2020 15:04,2697,13,11.0
,Malaysia,03/29/2020 15:04,2470,34,388.0
,Ireland,03/29/2020 15:04,2415,36,5.0
,Denmark,03/29/2020 15:04,2395,72,1.0
,Chile,03/29/2020 15:04,1909,6,61.0
,Luxembourg,03/29/2020 15:04,1831,18,40.0
,Ecuador,03/29/2020 15:04,1823,48,3.0
,Poland,03/29/2020 15:04,1771,20,7.0
,Romania,03/29/2020 15:04,1760,40,169.0
,Japan,03/29/2020 15:04,1693,52,424.0
,Russia,03/29/2020 15:04,1534,8,64.0
,Pakistan,03/29/2020 15:04,1526,13,29.0
,Philippines,03/29/2020 15:04,1418,71,42.0
,Thailand,03/29/2020 15:04,1388,7,97.0
,Saudi Arabia,03/29/2020 15:04,1299,8,66.0
,Indonesia,03/29/2020 15:04,1285,114,64.0
,Finland,03/29/2020 15:04,1239,11,10.0
,South Africa,03/29/2020 15:04,1187,1,31.0
,Greece,03/29/2020 15:04,1061,37,52.0
,Iceland,03/29/2020 15:04,1020,2,114.0
,India,03/29/2020 15:04,987,25,87.0
,Panama,03/29/2020 15:04,901,17,4.0
,Mexico,03/29/2020 15:04,848,16,4.0
,Singapore,03/29/2020 15:04,844,3,212.0
,Argentina,03/29/2020 15:04,745,19,72.0
,Serbia,03/29/2020 15:04,741,13,42.0
,Slovenia,03/29/2020 15:04,730,11,10.0
,Dominican Republic,03/29/2020 15:04,719,28,3.0
,Croatia,03/29/2020 15:04,713,6,52.0
Yokohama,Japan,03/29/2020 15:04,712,10,597.0
,Estonia,03/29/2020 15:04,679,3,20.0
,Peru,03/29/2020 15:04,671,16,16.0
Hong Kong,Hong Kong,03/29/2020 15:04,641,4,118.0
,Colombia,03/29/2020 15:04,608,6,10.0
,Qatar,03/29/2020 15:04,590,1,45.0
,Egypt,03/29/2020 15:04,576,36,121.0
,Iraq,03/29/2020 15:04,547,42,143.0
,New Zealand,03/29/2020 15:04,514,1,56.0
,Bahrain,03/29/2020 15:04,499,4,272.0
,United Arab Emirates,03/29/2020 15:04,468,2,55.0
,Algeria,03/29/2020 15:04,454,29,31.0
,Morocco,03/29/2020 15:04,450,26,13.0
,Lebanon,03/29/2020 15:04,438,10,30.0
,Lithuania,03/29/2020 15:04,437,7,1.0
,Armenia,03/29/2020 15:04,424,3,30.0
,Ukraine,03/29/2020 15:04,418,9,5.0
,Hungary,03/29/2020 15:04,408,13,34.0
,Latvia,03/29/2020 15:04,347,0,1.0
,Bulgaria,03/29/2020 15:04,338,8,11.0
,Andorra,03/29/2020 15:04,334,6,1.0
,Bosnia and Herzegovina,03/29/2020 15:04,323,6,8.0
,Slovakia,03/29/2020 15:04,314,0,2.0
,Uruguay,03/29/2020 15:04,304,1,0.0
Taiwan,Taiwan,03/29/2020 15:04,298,2,39.0
,Costa Rica,03/29/2020 15:04,295,2,3.0
,Tunisia,03/29/2020 15:04,278,8,2.0
,North Macedonia,03/29/2020 15:04,259,6,3.0
,Kuwait,03/29/2020 15:04,255,0,67.0
,Kazakhstan,03/29/2020 15:04,251,1,18.0
,Jordan,03/29/2020 15:04,246,1,18.0
,Moldova,03/29/2020 15:04,231,2,2.0
,San Marino,03/29/2020 15:04,224,22,6.0
,Albania,03/29/2020 15:04,212,10,33.0
,Azerbaijan,03/29/2020 15:04,209,4,15.0
,Burkina Faso,03/29/2020 15:04,207,11,21.0
,Vietnam,03/29/2020 15:04,188,0,21.0
,Reunion,03/29/2020 15:04,183,0,1.0
,Cyprus,03/29/2020 15:04,179,5,15.0
,Oman,03/29/2020 15:04,167,0,23.0
,Faeroe Islands,03/29/2020 15:04,159,0,70.0
,Ghana,03/29/2020 15:04,152,5,2.0
,Malta,03/29/2020 15:04,151,0,2.0
,Senegal,03/29/2020 15:04,142,0,27.0
,Ivory Coast,03/29/2020 15:04,140,0,3.0
,Uzbekistan,03/29/2020 15:04,133,2,7.0
,Brunei,03/29/2020 15:04,126,1,34.0
,Afghanistan,03/29/2020 15:04,120,4,2.0
,Cuba,03/29/2020 15:04,119,3,4.0
,Venezuela,03/29/2020 15:04,119,2,39.0
,Sri Lanka,03/29/2020 15:04,115,1,10.0
,Honduras,03/29/2020 15:04,110,1,3.0
,Palestine,03/29/2020 15:04,106,1,18.0
,Cambodia,03/29/2020 15:04,103,0,21.0
,Mauritius,03/29/2020 15:04,102,2,0.0
,Guadeloupe,03/29/2020 15:04,102,2,17.0
,Channel Islands,03/29/2020 15:04,100,1,0.0
,Nigeria,03/29/2020 15:04,97,1,3.0
,Belarus,03/29/2020 15:04,94,0,32.0
,Martinique,03/29/2020 15:04,93,1,0.0
,Cameroon,03/29/2020 15:04,91,2,2.0
,Georgia,03/29/2020 15:04,90,0,18.0
,Montenegro,03/29/2020 15:04,85,1,0.0
,Kyrgyzstan,03/29/2020 15:04,84,0,0.0
,Bolivia,03/29/2020 15:04,81,0,0.0
,Trinidad and Tobago,03/29/2020 15:04,76,3,1.0
,DRC,03/29/2020 15:04,65,6,2.0
,Mayotte,03/29/2020 15:04,63,0,0.0
,Rwanda,03/29/2020 15:04,60,0,0.0
,Gibraltar,03/29/2020 15:04,56,0,14.0
,Liechtenstein,03/29/2020 15:04,56,0,0.0
,Paraguay,03/29/2020 15:04,56,3,1.0
,Bangladesh,03/29/2020 15:04,48,5,15.0
,Aruba,03/29/2020 15:04,46,0,1.0
,Monaco,03/29/2020 15:04,43,1,1.0
,Madagascar,03/29/2020 15:04,39,0,0.0
,Kenya,03/29/2020 15:04,38,1,1.0
,Isle of Man,03/29/2020 15:04,37,0,0.0
Macau,Macau,03/29/2020 15:04,37,0,10.0
,Guatemala,03/29/2020 15:04,34,1,10.0
,Jamaica,03/29/2020 15:04,32,1,2.0
,Uganda,03/29/2020 15:04,30,0,0.0
,French Polynesia,03/29/2020 15:04,30,0,0.0
,Zambia,03/29/2020 15:04,28,0,0.0
,French Guiana,03/29/2020 15:04,28,0,6.0
,Barbados,03/29/2020 15:04,26,0,0.0
,Togo,03/29/2020 15:04,25,1,1.0
,El Salvador,03/29/2020 15:04,24,0,0.0
,Bermuda,03/29/2020 15:04,22,0,2.0
,Ethiopia,03/29/2020 15:04,19,0,1.0
,Congo,03/29/2020 15:04,19,0,0.0
,Mali,03/29/2020 15:04,18,1,0.0
,Niger,03/29/2020 15:04,18,1,0.0
,Maldives,03/29/2020 15:04,17,0,11.0
,Guinea,03/29/2020 15:04,16,0,0.0
,Haiti,03/29/2020 15:04,15,0,1.0
,New Caledonia,03/29/2020 15:04,15,0,0.0
,Djibouti,03/29/2020 15:04,14,0,0.0
,Tanzania,03/29/2020 15:04,14,0,1.0
,Equatorial Guinea,03/29/2020 15:04,12,0,0.0
,Mongolia,03/29/2020 15:04,12,0,0.0
,Saint Martin,03/29/2020 15:04,11,0,0.0
,Dominica,03/29/2020 15:04,11,0,0.0
,Namibia,03/29/2020 15:04,11,0,2.0
,Greenland,03/29/2020 15:04,10,0,2.0
,Bahamas,03/29/2020 15:04,10,0,1.0
,Grenada,03/29/2020 15:04,9,0,0.0
,Eswatini,03/29/2020 15:04,9,0,0.0
,Cayman Islands,03/29/2020 15:04,8,1,0.0
,Myanmar,03/29/2020 15:04,8,0,0.0
,Curacao,03/29/2020 15:04,8,1,2.0
,Seychelles,03/29/2020 15:04,8,0,0.0
,Suriname,03/29/2020 15:04,8,0,0.0
,Mozambique,03/29/2020 15:04,8,0,0.0
,Laos,03/29/2020 15:04,8,0,0.0
,Guyana,03/29/2020 15:04,8,1,0.0
,Gabon,03/29/2020 15:04,7,1,0.0
,Antigua and Barbuda,03/29/2020 15:04,7,0,0.0
,Zimbabwe,03/29/2020 15:04,7,1,0.0
,Cabo Verde,03/29/2020 15:04,6,1,0.0
,Benin,03/29/2020 15:04,6,0,0.0
,Eritrea,03/29/2020 15:04,6,0,0.0
,Vatican City,03/29/2020 15:04,6,0,0.0
,Syria,03/29/2020 15:04,5,0,0.0
,St. Barth,03/29/2020 15:04,5,0,0.0
,Montserrat,03/29/2020 15:04,5,0,0.0
,Fiji,03/29/2020 15:04,5,0,0.0
,Sudan,03/29/2020 15:04,5,1,0.0
,Angola,03/29/2020 15:04,5,0,0.0
,Mauritania,03/29/2020 15:04,5,0,0.0
,Nepal,03/29/2020 15:04,5,0,1.0
,Nicaragua,03/29/2020 15:04,4,1,0.0
,Saint Lucia,03/29/2020 15:04,4,0,1.0
,Turks and Caicos,03/29/2020 15:04,4,0,0.0
,Bhutan,03/29/2020 15:04,4,0,0.0
,Liberia,03/29/2020 15:04,3,0,0.0
,Sint Maarten,03/29/2020 15:04,3,0,0.0
,Somalia,03/29/2020 15:04,3,0,0.0
,Chad,03/29/2020 15:04,3,0,0.0
,CAR,03/29/2020 15:04,3,0,0.0
,Gambia,03/29/2020 15:04,3,1,0.0
,Libya,03/29/2020 15:04,3,0,0.0
,MS Zaandam,03/29/2020 15:04,2,0,0.0
,Anguilla,03/29/2020 15:04,2,0,0.0
,Belize,03/29/2020 15:04,2,0,0.0
,British Virgin Islands,03/29/2020 15:04,2,0,0.0
,Guinea-Bissau,03/29/2020 15:04,2,0,0.0
,Saint Kitts and Nevis,03/29/2020 15:04,2,0,0.0
,Papua New Guinea,03/29/2020 15:04,1,0,0.0
,St. Vincent Grenadines,03/29/2020 15:04,1,0,1.0
,Timor-Leste,03/29/2020 15:04,1,0,0.0
