Province/State,Country/Region,Last Update,confirmed,deaths,recovered
Australian Capital Territory,Australia,03/30/2020 11:09,78,,
"['New South Wales', 'Northern Territory', 'Queensland', 'South Australia', 'Tasmania', 'Victoria', 'Western Australia']",Australia,03/30/2020 11:09,1918,,
Eyibaolu,China,03/30/2020 11:09,67801,3186,62882.0
Di 欐 rot,China,03/30/2020 11:09,682,4,123.0
Right-version of the goo,China,03/30/2020 11:09,306,5,39.0
Juancongdaoning,China,03/30/2020 11:09,498,5,338.0
Zhenjianhanning,China,03/30/2020 11:09,577,8,415.0
Qiankuaminlu,China,03/30/2020 11:09,1484,8,1351.0
Fuhanhuanlu,China,03/30/2020 11:09,340,1,295.0
Still water ╂ touch Ning,China,03/30/2020 11:09,174,3,133.0
Xianlilielu,China,03/30/2020 11:09,1255,1,1225.0
Tick ​​pumping 棬,China,03/30/2020 11:09,38,0,10.0
鍐呰 挋鍙 I 嚜娌 诲尯,China,03/30/2020 11:09,97,1,74.0
Chaxizhenlu,China,03/30/2020 11:09,645,0,631.0
Babianminlu,China,03/30/2020 11:09,773,7,753.0
Qiesikoulu,China,03/30/2020 11:09,550,3,536.0
Uushanmenlu,China,03/30/2020 11:09,138,2,125.0
Chajiemulu,China,03/30/2020 11:09,136,2,124.0
闄曡Ta鐪,China,03/30/2020 11:09,253,3,242.0
Beach 戝崡 鐪,China,03/30/2020 11:09,180,2,172.0
Lichongbaolu,China,03/30/2020 11:09,321,6,310.0
鍚夋 灄鐪,China,03/30/2020 11:09,98,1,92.0
Lichonghanlu,China,03/30/2020 11:09,1276,22,1251.0
Read 嶅 Jenning,China,03/30/2020 11:09,579,6,570.0
Ba Lu braid ta,China,03/30/2020 11:09,136,0,133.0
Zhenzhanxiecha Xiyan,China,03/30/2020 11:09,484,13,469.0
Qian hip Tatari Dan Zu Xi Meilihuikui,China,03/30/2020 11:09,254,2,250.0
Cha Xi Lu Tatari,China,03/30/2020 11:09,937,1,935.0
Ludiandanlu,China,03/30/2020 11:09,147,2,144.0
Eyihanlu,China,03/30/2020 11:09,1018,4,1014.0
Yuesuijionglu,China,03/30/2020 11:09,990,6,984.0
Xianfenghanlu,China,03/30/2020 11:09,168,6,162.0
Koubanyuezi Cunyonghaobi Melihuikui,China,03/30/2020 11:09,76,3,73.0
Yuehuohanwu arrowhead Xi Melihuikui,China,03/30/2020 11:09,75,0,75.0
Weishudaolu,China,03/30/2020 11:09,18,0,18.0
Yuan Cai hip Nielihuikui,China,03/30/2020 11:09,1,0,1.0
,,03/30/2020 11:09,Confirmed,Deaths,
New York,US,03/30/2020 11:09,59746,966,
New Jersey,US,03/30/2020 11:09,13386,161,
California,US,03/30/2020 11:09,6345,132,
Michigan,US,03/30/2020 11:09,5489,132,
Massachusetts,US,03/30/2020 11:09,4955,48,
Florida,US,03/30/2020 11:09,4950,60,
WA,US,03/30/2020 11:09,4896,204,
Illinois,US,03/30/2020 11:09,4596,66,
Louisiana,US,03/30/2020 11:09,3540,151,
Pennsylvania,US,03/30/2020 11:09,3465,43,
Texas,US,03/30/2020 11:09,2826,37,
Georgia,US,03/30/2020 11:09,2683,84,
Colorado,US,03/30/2020 11:09,2308,47,
Connecticut,US,03/30/2020 11:09,1993,34,
Tennessee,US,03/30/2020 11:09,1818,12,
Ohio,US,03/30/2020 11:09,1653,29,
Indiana,US,03/30/2020 11:09,1514,32,
Maryland,US,03/30/2020 11:09,1239,15,
North Carolina,US,03/30/2020 11:09,1189,6,
Wisconsin,US,03/30/2020 11:09,1164,18,
Missouri,US,03/30/2020 11:09,926,13,
Nevada,US,03/30/2020 11:09,920,15,
Arizona,US,03/30/2020 11:09,919,17,
Virginia,US,03/30/2020 11:09,890,24,
Alabama,US,03/30/2020 11:09,830,10,
South Carolina,US,03/30/2020 11:09,774,16,
Mississippi,US,03/30/2020 11:09,759,14,
Utah,US,03/30/2020 11:09,724,4,
Oregon,US,03/30/2020 11:09,549,13,
Minnesota,US,03/30/2020 11:09,503,9,
Arkansas,US,03/30/2020 11:09,449,6,
Kentucky,US,03/30/2020 11:09,439,9,
Oklahoma,US,03/30/2020 11:09,431,16,
Washington DC,US,03/30/2020 11:09,401,9,
Iowa,US,03/30/2020 11:09,336,4,
Kansas,US,03/30/2020 11:09,330,7,
Idaho,US,03/30/2020 11:09,324,6,
Rhode Island,US,03/30/2020 11:09,294,3,
New Hampshire,US,03/30/2020 11:09,258,3,
Maine,US,03/30/2020 11:09,253,3,
New Mexico,US,03/30/2020 11:09,237,2,
Vermont,US,03/30/2020 11:09,235,12,
Delaware,US,03/30/2020 11:09,232,6,
Hawaii,US,03/30/2020 11:09,175,0,
Montana,US,03/30/2020 11:09,161,2,
Puerto Rico,US,03/30/2020 11:09,127,5,
West Virginia,US,03/30/2020 11:09,124,1,
Nebraska,US,03/30/2020 11:09,120,2,
Alaska,US,03/30/2020 11:09,114,3,
Grand Princess,US,03/30/2020 11:09,103,3,
North Dakota,US,03/30/2020 11:09,98,1,
South Dakota,US,03/30/2020 11:09,90,1,
Wyoming,US,03/30/2020 11:09,87,0,
Guam,US,03/30/2020 11:09,56,1,
Diamond Princess,US,03/30/2020 11:09,49,0,
US Virgin Islands,US,03/30/2020 11:09,23,0,
,,03/30/2020 11:09,2,0,
,,03/30/2020 11:09,Confirmed,Deaths,
Quebec,Canada,03/30/2020 11:09,2840,22,
Ontario,Canada,03/30/2020 11:09,1355,21,
British Columbia,Canada,03/30/2020 11:09,884,17,
Alberta,Canada,03/30/2020 11:09,661,3,
Saskatchewan,Canada,03/30/2020 11:09,156,0,
Newfoundland and Labrador,Canada,03/30/2020 11:09,135,0,
Nova Scotia,Canada,03/30/2020 11:09,122,0,
Manitoba,Canada,03/30/2020 11:09,72,1,
New Brunswick,Canada,03/30/2020 11:09,66,0,
Grand Princess,US,03/30/2020 11:09,13,0,
Prince Edward Island,Canada,03/30/2020 11:09,11,0,
Yukon,Canada,03/30/2020 11:09,4,0,
Northwest Territories,Canada,03/30/2020 11:09,1,0,
Diamond Princess,US,03/30/2020 11:09,0,1,
,US,03/30/2020 11:09,142737,2489,4562.0
,Italy,03/30/2020 11:09,97689,10779,13030.0
,Spain,03/30/2020 11:09,85195,7340,16780.0
,Germany,03/30/2020 11:09,62435,541,9211.0
,France,03/30/2020 11:09,40174,2606,7202.0
,Iran,03/30/2020 11:09,38309,2640,12391.0
,United Kingdom,03/30/2020 11:09,19522,1228,135.0
,Switzerland,03/30/2020 11:09,15069,312,1823.0
Brussels,Belgium,03/30/2020 11:09,11899,513,1527.0
,Netherlands,03/30/2020 11:09,10866,771,250.0
,South Korea,03/30/2020 11:09,9661,158,5228.0
,Turkey,03/30/2020 11:09,9217,131,105.0
,Austria,03/30/2020 11:09,9103,86,479.0
,Portugal,03/30/2020 11:09,5962,119,43.0
,Israel,03/30/2020 11:09,4347,16,134.0
,Norway,03/30/2020 11:09,4312,29,7.0
,Brazil,03/30/2020 11:09,4256,136,6.0
,Sweden,03/30/2020 11:09,3700,110,16.0
,Czechia,03/30/2020 11:09,2859,17,11.0
,Malaysia,03/30/2020 11:09,2626,37,479.0
,Ireland,03/30/2020 11:09,2615,46,5.0
,Denmark,03/30/2020 11:09,2555,72,1.0
,Chile,03/30/2020 11:09,2139,7,75.0
,Romania,03/30/2020 11:09,1952,44,206.0
,Luxembourg,03/30/2020 11:09,1950,21,40.0
,Ecuador,03/30/2020 11:09,1924,58,3.0
,Poland,03/30/2020 11:09,1905,26,7.0
,Japan,03/30/2020 11:09,1866,54,424.0
,Russia,03/30/2020 11:09,1836,9,66.0
,Pakistan,03/30/2020 11:09,1625,18,29.0
,Philippines,03/30/2020 11:09,1546,78,42.0
,Thailand,03/30/2020 11:09,1524,9,229.0
,Indonesia,03/30/2020 11:09,1414,122,75.0
,Finland,03/30/2020 11:09,1343,11,10.0
,Saudi Arabia,03/30/2020 11:09,1299,8,66.0
,South Africa,03/30/2020 11:09,1280,2,31.0
,Greece,03/30/2020 11:09,1156,39,52.0
,India,03/30/2020 11:09,1071,29,100.0
,Iceland,03/30/2020 11:09,1020,2,135.0
,Mexico,03/30/2020 11:09,993,20,35.0
,Panama,03/30/2020 11:09,989,24,4.0
,Dominican Republic,03/30/2020 11:09,859,39,3.0
,Peru,03/30/2020 11:09,852,18,16.0
,Singapore,03/30/2020 11:09,844,3,212.0
,Argentina,03/30/2020 11:09,820,20,91.0
,Slovenia,03/30/2020 11:09,756,11,10.0
,Serbia,03/30/2020 11:09,741,14,42.0
,Estonia,03/30/2020 11:09,715,3,20.0
,Croatia,03/30/2020 11:09,713,6,55.0
Yokohama,Japan,03/30/2020 11:09,712,10,603.0
,Colombia,03/30/2020 11:09,702,10,10.0
Hong Kong,Hong Kong,03/30/2020 11:09,642,4,118.0
,Qatar,03/30/2020 11:09,634,1,48.0
,Egypt,03/30/2020 11:09,609,40,132.0
,New Zealand,03/30/2020 11:09,589,1,63.0
,United Arab Emirates,03/30/2020 11:09,570,3,58.0
,Iraq,03/30/2020 11:09,547,42,143.0
,Morocco,03/30/2020 11:09,516,27,13.0
,Bahrain,03/30/2020 11:09,515,4,279.0
,Algeria,03/30/2020 11:09,511,31,31.0
,Lithuania,03/30/2020 11:09,484,7,1.0
,Armenia,03/30/2020 11:09,482,3,30.0
,Ukraine,03/30/2020 11:09,475,10,6.0
,Hungary,03/30/2020 11:09,447,15,34.0
,Lebanon,03/30/2020 11:09,446,11,32.0
,Latvia,03/30/2020 11:09,376,0,1.0
,Bulgaria,03/30/2020 11:09,354,8,15.0
,Bosnia and Herzegovina,03/30/2020 11:09,340,6,8.0
,Andorra,03/30/2020 11:09,334,6,6.0
,Costa Rica,03/30/2020 11:09,314,2,3.0
,Slovakia,03/30/2020 11:09,314,0,2.0
,Tunisia,03/30/2020 11:09,312,8,2.0
Taiwan,Taiwan,03/30/2020 11:09,306,5,39.0
,Uruguay,03/30/2020 11:09,304,1,0.0
,Kazakhstan,03/30/2020 11:09,294,1,20.0
,Kuwait,03/30/2020 11:09,266,0,72.0
,Moldova,03/30/2020 11:09,263,2,13.0
,Jordan,03/30/2020 11:09,259,3,18.0
,North Macedonia,03/30/2020 11:09,259,6,3.0
,San Marino,03/30/2020 11:09,224,22,6.0
,Albania,03/30/2020 11:09,223,11,44.0
,Burkina Faso,03/30/2020 11:09,222,12,23.0
,Cyprus,03/30/2020 11:09,214,6,15.0
,Azerbaijan,03/30/2020 11:09,209,4,15.0
,Vietnam,03/30/2020 11:09,194,0,52.0
,Reunion,03/30/2020 11:09,183,0,1.0
,Oman,03/30/2020 11:09,167,0,23.0
,Ivory Coast,03/30/2020 11:09,165,1,4.0
,Faeroe Islands,03/30/2020 11:09,159,0,70.0
,Ghana,03/30/2020 11:09,152,5,2.0
,Malta,03/30/2020 11:09,151,0,2.0
,Uzbekistan,03/30/2020 11:09,144,2,7.0
,Senegal,03/30/2020 11:09,142,0,27.0
,Cameroon,03/30/2020 11:09,139,6,5.0
,Cuba,03/30/2020 11:09,139,3,4.0
,Honduras,03/30/2020 11:09,139,3,3.0
,Brunei,03/30/2020 11:09,127,1,38.0
,Sri Lanka,03/30/2020 11:09,120,1,15.0
,Afghanistan,03/30/2020 11:09,120,4,2.0
,Venezuela,03/30/2020 11:09,119,3,39.0
,Palestine,03/30/2020 11:09,115,1,18.0
,Nigeria,03/30/2020 11:09,111,1,3.0
,Mauritius,03/30/2020 11:09,110,3,0.0
,Channel Islands,03/30/2020 11:09,108,2,0.0
,Cambodia,03/30/2020 11:09,107,0,21.0
,Guadeloupe,03/30/2020 11:09,106,4,17.0
,Georgia,03/30/2020 11:09,98,0,18.0
,Bolivia,03/30/2020 11:09,96,1,0.0
,Belarus,03/30/2020 11:09,94,0,32.0
,Kyrgyzstan,03/30/2020 11:09,94,0,0.0
,Martinique,03/30/2020 11:09,93,1,0.0
,Montenegro,03/30/2020 11:09,91,1,0.0
,DRC,03/30/2020 11:09,81,8,2.0
,Trinidad and Tobago,03/30/2020 11:09,78,3,1.0
,Rwanda,03/30/2020 11:09,70,0,0.0
,Gibraltar,03/30/2020 11:09,65,0,14.0
,Paraguay,03/30/2020 11:09,64,3,1.0
,Mayotte,03/30/2020 11:09,63,0,0.0
,Liechtenstein,03/30/2020 11:09,56,0,0.0
,Aruba,03/30/2020 11:09,50,0,1.0
,Bangladesh,03/30/2020 11:09,49,5,19.0
,Monaco,03/30/2020 11:09,46,1,1.0
,Isle of Man,03/30/2020 11:09,46,0,0.0
,French Guiana,03/30/2020 11:09,43,0,6.0
,Kenya,03/30/2020 11:09,42,1,1.0
,Madagascar,03/30/2020 11:09,39,0,0.0
Macau,Macau,03/30/2020 11:09,38,0,10.0
,Guatemala,03/30/2020 11:09,34,1,10.0
,Uganda,03/30/2020 11:09,33,0,0.0
,Barbados,03/30/2020 11:09,33,0,0.0
,Jamaica,03/30/2020 11:09,32,1,2.0
,Togo,03/30/2020 11:09,30,1,1.0
,El Salvador,03/30/2020 11:09,30,0,0.0
,French Polynesia,03/30/2020 11:09,30,0,0.0
,Zambia,03/30/2020 11:09,29,0,0.0
,Ethiopia,03/30/2020 11:09,23,0,1.0
,Bermuda,03/30/2020 11:09,22,0,2.0
,Congo,03/30/2020 11:09,19,0,0.0
,Mali,03/30/2020 11:09,18,1,0.0
,Djibouti,03/30/2020 11:09,18,0,0.0
,Niger,03/30/2020 11:09,18,3,0.0
,Maldives,03/30/2020 11:09,17,0,13.0
,Guinea,03/30/2020 11:09,16,0,0.0
,Haiti,03/30/2020 11:09,15,0,1.0
,New Caledonia,03/30/2020 11:09,15,0,0.0
,Bahamas,03/30/2020 11:09,14,0,1.0
,Tanzania,03/30/2020 11:09,14,0,1.0
,Mongolia,03/30/2020 11:09,12,0,2.0
,Equatorial Guinea,03/30/2020 11:09,12,0,0.0
,Cayman Islands,03/30/2020 11:09,12,1,0.0
,Eritrea,03/30/2020 11:09,12,0,0.0
,Namibia,03/30/2020 11:09,11,0,2.0
,Saint Martin,03/30/2020 11:09,11,0,0.0
,Dominica,03/30/2020 11:09,11,0,0.0
,Myanmar,03/30/2020 11:09,10,0,0.0
,Greenland,03/30/2020 11:09,10,0,2.0
,Syria,03/30/2020 11:09,9,1,0.0
,Grenada,03/30/2020 11:09,9,0,0.0
,Saint Lucia,03/30/2020 11:09,9,0,1.0
,Eswatini,03/30/2020 11:09,9,0,0.0
,Suriname,03/30/2020 11:09,8,0,0.0
,Seychelles,03/30/2020 11:09,8,0,0.0
,Mozambique,03/30/2020 11:09,8,0,0.0
,Libya,03/30/2020 11:09,8,0,0.0
,Guyana,03/30/2020 11:09,8,1,0.0
,Curacao,03/30/2020 11:09,8,1,2.0
,Laos,03/30/2020 11:09,8,0,0.0
,Angola,03/30/2020 11:09,7,2,0.0
,Gabon,03/30/2020 11:09,7,1,0.0
,Zimbabwe,03/30/2020 11:09,7,1,0.0
,Antigua and Barbuda,03/30/2020 11:09,7,0,0.0
,Benin,03/30/2020 11:09,6,0,0.0
,Sint Maarten,03/30/2020 11:09,6,0,0.0
,Sudan,03/30/2020 11:09,6,1,0.0
,Cabo Verde,03/30/2020 11:09,6,1,0.0
,Vatican City,03/30/2020 11:09,6,0,0.0
,Fiji,03/30/2020 11:09,5,0,0.0
,Montserrat,03/30/2020 11:09,5,0,0.0
,St. Barth,03/30/2020 11:09,5,0,0.0
,Mauritania,03/30/2020 11:09,5,0,2.0
,Nepal,03/30/2020 11:09,5,0,1.0
,Gambia,03/30/2020 11:09,4,1,0.0
,Nicaragua,03/30/2020 11:09,4,1,0.0
,Bhutan,03/30/2020 11:09,4,0,0.0
,Turks and Caicos,03/30/2020 11:09,4,0,0.0
,Liberia,03/30/2020 11:09,3,0,0.0
,Somalia,03/30/2020 11:09,3,0,0.0
,CAR,03/30/2020 11:09,3,0,0.0
,Chad,03/30/2020 11:09,3,0,0.0
,MS Zaandam,03/30/2020 11:09,2,0,0.0
,Anguilla,03/30/2020 11:09,2,0,0.0
,Belize,03/30/2020 11:09,2,0,0.0
,British Virgin Islands,03/30/2020 11:09,2,0,0.0
,Guinea-Bissau,03/30/2020 11:09,2,0,0.0
,Saint Kitts and Nevis,03/30/2020 11:09,2,0,0.0
,Papua New Guinea,03/30/2020 11:09,1,0,0.0
,St. Vincent Grenadines,03/30/2020 11:09,1,0,1.0
,Timor-Leste,03/30/2020 11:09,1,0,0.0
